{"confidence":null,"cost_estimate":8.147999999999999e-05,"entropy":null,"error":null,"interpretability_ref":null,"latency_ms":9099.419200007105,"model_id":"deepseek_chat","output":"Alright, let\u2019s go step-by-step.\n\n---\n\n**1. Calculate LTV (Lifetime Value)**\n\nFormula:  \n\\[\n\\text{LTV} = \\text{Avg. monthly revenue per customer} \\times \\text{Gross margin} \\times \\text{Avg. customer lifetime (months)}\n\\]\n\nHere:  \n- Monthly revenue = $29  \n- Gross margin = 80% = 0.80  \n- Avg. lifetime = 18 months  \n\n\\[\n\\text{LTV} = 29 \\times 0.80 \\times 18\n\\]\n\\[\n\\text{LTV} = 29 \\times 14.4\n\\]\n\\[\n\\text{LTV} = 417.6\n\\]\n\nSo **LTV = $417.60**.\n\n---\n\n**2. Calculate LTV:CAC ratio**\n\n\\[\n\\text{LTV:CAC} = \\frac{417.6}{150} \\approx 2.78\n\\]\n\n---\n\n**3. Calculate months to recover CAC**\n\nWe need the **monthly gross profit per customer**:\n\n\\[\n\\text{Monthly gross profit} = 29 \\times 0.80 = 23.2\n\\]\n\n\\[\n\\text{Months to recover CAC} = \\frac{\\text","passed":false,"run_hash":"7d2fd10d03b81cc6","run_index":0,"score":0.25,"scoring_details":{"forbidden_found":[],"missing_required":["2.7","6.5","healthy"],"violations":["Required word missing: '2.7'","Required word missing: '6.5'","Required word missing: 'healthy'"]},"scoring_method":"word_restrictions","test_id":"BIZ-004","timestamp":"2025-12-29T23:55:19.695986","tokens_in":70,"tokens_out":256}