{"confidence":null,"cost_estimate":4.9279999999999996e-05,"entropy":null,"error":null,"interpretability_ref":null,"latency_ms":5202.337700000498,"model_id":"deepseek_chat","output":"Item 1: High - The sudden departure of a key engineering lead risks significant knowledge loss and project delays during a critical transition period.\nItem 2: Low - The announced price increase is predictable, allows for budget planning, and is a modest, industry-typical adjustment.\nItem 3: Medium - The acquisition provides a competitor with substantial resources and market leverage, potentially increasing competitive pressure.\nItem 4: Medium - High revenue dependency on a few customers creates vulnerability to financial instability if any one chooses to leave.\nItem 5: High - Critical security vulnerabilities pose an immediate threat to data integrity, customer trust, and regulatory compliance.","passed":true,"run_hash":"209318e541552ba1","run_index":0,"score":1.0,"scoring_details":{"forbidden_found":[],"missing_required":[],"violations":[]},"scoring_method":"word_restrictions","test_id":"BIZ-009","timestamp":"2025-12-29T23:55:51.301642","tokens_in":98,"tokens_out":127}