{"confidence":null,"cost_estimate":2.4639999999999998e-05,"entropy":null,"error":null,"interpretability_ref":null,"latency_ms":2566.121799987741,"model_id":"deepseek_chat","output":"We offer a lower price point at $500/month and superior 24/7 support, compared to Competitor C's $600/month and limited business hours support.","passed":true,"run_hash":"a90cc1b19fb07d6a","run_index":0,"score":1.0,"scoring_details":{"char_count":143,"constraints":{},"sentence_count":1,"violations":[],"word_count":22},"scoring_method":"length_constraints","test_id":"BIZ-008","timestamp":"2025-12-29T23:55:46.087501","tokens_in":110,"tokens_out":33}