{"confidence":null,"cost_estimate":8.049999999999999e-05,"entropy":null,"error":null,"interpretability_ref":null,"latency_ms":8843.585299997358,"model_id":"deepseek_chat","output":"Alright, let's go step-by-step.\n\n---\n\n**Step 1: Organize the data**\n\nWe have 6 months of data:\n\n| Month | Period (t) | Revenue (y) in $K |\n|-------|------------|-------------------|\n| Jul   | 1          | 80                |\n| Aug   | 2          | 85                |\n| Sep   | 3          | 92                |\n| Oct   | 4          | 98                |\n| Nov   | 5          | 105               |\n| Dec   | 6          | 115               |\n\n---\n\n**Step 2: Simple linear trend model**\n\nWe assume \\( y_t = a + b t \\)  \nwhere \\( t \\) = time period, \\( y \\) = revenue.\n\nWe need to compute:\n\n\\[\nb = \\frac{n \\sum ty - \\sum t \\sum y}{n \\sum t^2 - (\\sum t)^2}\n\\]\n\\[\na = \\frac{\\sum y - b \\sum t}{n}\n\\]\n\n---\n\n**Step 3: Compute sums**\n\n\\( n = 6 \\)\n\n\\[\n\\sum t = 1 + 2 + 3 + 4 + 5 + 6 =","passed":false,"run_hash":"44710e257591d566","run_index":0,"score":0.33333333333333337,"scoring_details":{"forbidden_found":[],"missing_required":["120","125"],"violations":["Required word missing: '120'","Required word missing: '125'"]},"scoring_method":"word_restrictions","test_id":"BIZ-003","timestamp":"2025-12-29T23:55:10.583916","tokens_in":63,"tokens_out":256}