{"confidence":null,"cost_estimate":8.413999999999999e-05,"entropy":null,"error":null,"interpretability_ref":null,"latency_ms":9208.133399995859,"model_id":"deepseek_chat","output":"Alright, let\u2019s go step-by-step.  \n\n---\n\n**1. Current cost of manual work per year**  \n5 FTEs \u00d7 40% of their time = **2 FTE equivalents** doing manual data entry.  \nCost of 2 FTEs = 2 \u00d7 $80,000 = **$160,000/year**.\n\n---\n\n**2. Savings from automation**  \nEfficiency gain = 80% reduction in manual work.  \nAnnual savings = 80% \u00d7 $160,000 = **$128,000/year**.\n\n---\n\n**3. Costs after automation**  \n- One-time project cost: $150,000  \n- Ongoing maintenance: $20,000/year  \n\nNet annual savings after maintenance = $128,000 \u2212 $20,000 = **$108,000/year**.\n\n---\n\n**4. Payback period**  \nPayback = One-time cost / Net annual savings  \n= $150,000 / $108,000 \u2248 **1.39 years** (about 16.7 months).\n\n---\n\n**5. ROI over 3 years (for example)**  \nTotal net savings over 3 years = (3 \u00d7 $108,000) \u2212 $150,000  \n= $324,000 \u2212 $150,000 = $","passed":false,"run_hash":"c37350123b180b6a","run_index":0,"score":0.5,"scoring_details":{"forbidden_found":[],"missing_required":["128000","yes"],"violations":["Required word missing: '128000'","Required word missing: 'yes'"]},"scoring_method":"word_restrictions","test_id":"BIZ-010","timestamp":"2025-12-29T23:56:00.518722","tokens_in":89,"tokens_out":256}