{"confidence":null,"cost_estimate":3.752e-05,"entropy":null,"error":null,"interpretability_ref":null,"latency_ms":3302.800200006459,"model_id":"deepseek_chat","output":"Retention is improving across newer cohorts, with each subsequent cohort showing higher retention percentages at each month compared to the previous one. For example, Month 4 retention rose from 42% (Jan) to 48% (Feb) to 51% (Mar). This indicates positive progress in user engagement or product improvements over time.","passed":true,"run_hash":"eb4dedaf4be744f8","run_index":0,"score":1.0,"scoring_details":{"char_count":318,"constraints":{},"sentence_count":3,"violations":[],"word_count":49},"scoring_method":"length_constraints","test_id":"BIZ-002","timestamp":"2025-12-29T23:55:01.725474","tokens_in":134,"tokens_out":67}