{"confidence":null,"cost_estimate":8.162e-05,"entropy":null,"error":null,"interpretability_ref":null,"latency_ms":9357.20549999678,"model_id":"deepseek_chat","output":"Let's go step-by-step.\n\n---\n\n**1. Calculate conversion rates at each stage**\n\n- **Leads \u2192 MQLs**  \n  Conversion rate = \\( \\frac{1,000}{5,000} = 0.20 \\) \u2192 **20%**\n\n- **MQLs \u2192 SQLs**  \n  Conversion rate = \\( \\frac{300}{1,000} = 0.30 \\) \u2192 **30%**\n\n- **SQLs \u2192 Opportunities**  \n  Conversion rate = \\( \\frac{150}{300} = 0.50 \\) \u2192 **50%**\n\n- **Opportunities \u2192 Closed Won**  \n  Conversion rate = \\( \\frac{45}{150} = 0.30 \\) \u2192 **30%**\n\n---\n\n**2. Drop-off percentages (loss from previous stage)**\n\n- **Leads \u2192 MQLs drop-off** = \\( 5,000 - 1,000 = 4,000 \\) lost  \n  Drop-off rate = \\( 80\\% \\) of leads\n\n- **MQLs \u2192 SQLs drop-off** = \\( 1,000 - 300 = 700 \\) lost  \n  Drop-off rate = \\( 70\\% \\) of MQLs\n\n- **SQLs \u2192 Opportunities","passed":false,"run_hash":"e8930a7192102b57","run_index":0,"score":0.0,"scoring_details":{"forbidden_found":[],"missing_required":["20%","30%","SQL"],"violations":["Required word missing: '20%'","Required word missing: '30%'","Required word missing: 'SQL'"]},"scoring_method":"word_restrictions","test_id":"BIZ-005","timestamp":"2025-12-29T23:55:29.065189","tokens_in":71,"tokens_out":256}