{"confidence":null,"cost_estimate":8.385999999999999e-05,"entropy":null,"error":null,"interpretability_ref":null,"latency_ms":8971.944799995981,"model_id":"deepseek_chat","output":"Let\u2019s go step-by-step.  \n\n---\n\n**Step 1: Option A \u2014 $10/month flat fee, 40% adoption**  \nAdopting users = \\( 10{,}000 \\times 0.40 = 4{,}000 \\)  \nRevenue = \\( 4{,}000 \\times 10 = 40{,}000 \\)  \n\n---\n\n**Step 2: Option B \u2014 $5/month, 70% adoption**  \nAdopting users = \\( 10{,}000 \\times 0.70 = 7{,}000 \\)  \nRevenue = \\( 7{,}000 \\times 5 = 35{,}000 \\)  \n\n---\n\n**Step 3: Option C \u2014 $0.10/action, avg 30 actions/user, 55% adoption**  \nAdopting users = \\( 10{,}000 \\times 0.55 = 5{,}500 \\)  \nRevenue per user = \\( 30 \\times 0.10 = 3 \\)  \nTotal revenue = \\( 5{,}500 \\times 3 = 16{,}500 \\)  \n\n---\n\n**Step 4: Compare**  \n- Option A: **$40,000**  \n- Option B: $","passed":false,"run_hash":"ab5c14ee7e979581","run_index":0,"score":0.25,"scoring_details":{"forbidden_found":[],"missing_required":["40000","35000","16500"],"violations":["Required word missing: '40000'","Required word missing: '35000'","Required word missing: '16500'"]},"scoring_method":"word_restrictions","test_id":"BIZ-006","timestamp":"2025-12-29T23:55:38.049161","tokens_in":87,"tokens_out":256}