{"confidence":null,"cost_estimate":4.774e-05,"entropy":null,"error":null,"interpretability_ref":null,"latency_ms":5449.874900004943,"model_id":"deepseek_chat","output":"**Objective:** Transform the customer onboarding experience into a streamlined, self-service journey that drives rapid product adoption and reduces friction.\n\n**Key Results:**\n\n1.  Reduce **Time to First Value** from 14 days to **7 days or less** for all new users, as measured by the completion of the core \"Activation Milestone.\"\n2.  Increase the **Onboarding Completion Rate** from 45% to **70%** for users who start the guided onboarding flow.\n3.  Decrease the average number of **Support Tickets During Onboarding** from 3.2 to **1.5 per user** by proactively addressing common friction points within the product.","passed":false,"run_hash":"927768ba989d8c7a","run_index":0,"score":0.5,"scoring_details":{"forbidden_found":[],"missing_required":["Key Result"],"violations":["Required word missing: 'Key Result'"]},"scoring_method":"word_restrictions","test_id":"BIZ-007","timestamp":"2025-12-29T23:55:43.509976","tokens_in":69,"tokens_out":136}