{"confidence":null,"cost_estimate":8.497999999999999e-05,"entropy":null,"error":null,"interpretability_ref":null,"latency_ms":10301.18599999696,"model_id":"deepseek_chat","output":"Alright, let\u2019s go step-by-step.  \n\n---\n\n**1) Net New MRR**  \nNet New MRR = New MRR + Expansion MRR \u2013 Churned MRR \u2013 Contracted MRR  \n\n\\[\n\\text{Net New MRR} = 15{,}000 + 5{,}000 - 8{,}000 - 2{,}000\n\\]  \n\\[\n\\text{Net New MRR} = 20{,}000 - 10{,}000\n\\]  \n\\[\n\\text{Net New MRR} = \\$10{,}000\n\\]  \n\n---\n\n**2) MRR End of Month**  \nMRR End of Month = MRR Start of Month + Net New MRR  \n\n\\[\n\\text{MRR End of Month} = 100{,}000 + 10{,}000\n\\]  \n\\[\n\\text{MRR End of Month} = \\$110{,}000\n\\]  \n\n---\n\n**3) Net Revenue Retention Rate (NRR)**  \nNRR = \\(\\frac{\\text{Starting MRR} + \\text{Expansion MRR} - \\text{Churned MRR} - \\text{Contracted MRR}}{\\text{Starting MRR}} \\times 100","passed":false,"run_hash":"c4662d7c1b8b4e3e","run_index":0,"score":0.0,"scoring_details":{"forbidden_found":[],"missing_required":["10000","110000","95%"],"violations":["Required word missing: '10000'","Required word missing: '110000'","Required word missing: '95%'"]},"scoring_method":"word_restrictions","test_id":"BIZ-001","timestamp":"2025-12-29T23:54:58.409280","tokens_in":95,"tokens_out":256}