{"confidence":null,"cost_estimate":1.3999999999999998e-05,"entropy":null,"error":null,"interpretability_ref":null,"latency_ms":2381.591800003662,"model_id":"deepseek_chat","output":"Returning a pointer to a local stack-allocated array (`buffer`) causes undefined behavior as the memory becomes invalid after the function returns.","passed":true,"run_hash":"714174d82e1cce32","run_index":0,"score":1.0,"scoring_details":{"forbidden_found":[],"missing_required":[],"violations":[]},"scoring_method":"word_restrictions","test_id":"CODE-007","timestamp":"2025-12-29T23:57:10.228327","tokens_in":44,"tokens_out":28}