{"confidence":null,"cost_estimate":3.149999999999999e-05,"entropy":null,"error":null,"interpretability_ref":null,"latency_ms":4495.147300011013,"model_id":"deepseek_chat","output":"The bug is that the function will raise a `ZeroDivisionError` when passed an empty list because `len(numbers)` is zero. To fix it, you can add a check at the start of the function, such as returning 0 or raising a more informative exception if the list is empty. For example:  \n```python\nif not numbers:\n    return 0\n```","passed":false,"run_hash":"011053e69277a7e5","run_index":0,"score":0.6666666666666667,"scoring_details":{"forbidden_found":[],"missing_required":["division"],"violations":["Required word missing: 'division'"]},"scoring_method":"word_restrictions","test_id":"CODE-001","timestamp":"2025-12-29T23:56:44.160333","tokens_in":71,"tokens_out":77}