{"confidence":null,"cost_estimate":2.8279999999999997e-05,"entropy":null,"error":null,"interpretability_ref":null,"latency_ms":3834.8250999988522,"model_id":"deepseek_chat","output":"**Vulnerability:** SQL injection. The query directly concatenates user input, allowing attackers to inject malicious SQL.\n\n**Fix:** Use parameterized queries (prepared statements). Example:\n\n```sql\nSELECT * FROM users WHERE username = ? AND active = 1;\n```\n\nThen bind `userInput` as a parameter in your application code. This separates data from SQL commands, preventing injection.","passed":true,"run_hash":"f95103670882c699","run_index":0,"score":1.0,"scoring_details":{"forbidden_found":[],"missing_required":[],"violations":[]},"scoring_method":"word_restrictions","test_id":"CODE-003","timestamp":"2025-12-29T23:56:49.701568","tokens_in":44,"tokens_out":79}