{"confidence":null,"cost_estimate":6.006e-05,"entropy":null,"error":null,"interpretability_ref":null,"latency_ms":6389.200100005837,"model_id":"deepseek_chat","output":"**Time complexity:** O(n\u00b2) in the worst case, due to the nested loops and the `lst[i] not in duplicates` check (which is O(k) where k is the number of duplicates found so far).\n\n**Main issues:**\n1. Nested loops \u2192 O(n\u00b2) comparisons.\n2. Checking `lst[i] not in duplicates` is O(k) each time, making it even slower.\n\n**Improved approach (O(n) time, O(n) space):**\n```python\ndef find_duplicates(lst):\n    seen = set()\n    duplicates = set()\n    for item in lst:\n        if item in seen:\n            duplicates.add(item)\n        else:\n            seen.add(item)\n    return list(duplicates)\n```\nThis uses two sets to track seen items and duplicates in a single pass.","passed":true,"run_hash":"806f370681a04f32","run_index":0,"score":1.0,"scoring_details":{"forbidden_found":[],"missing_required":[],"violations":[]},"scoring_method":"word_restrictions","test_id":"CODE-005","timestamp":"2025-12-29T23:56:58.961887","tokens_in":91,"tokens_out":169}