{"confidence":null,"cost_estimate":2.0719999999999998e-05,"entropy":null,"error":null,"interpretability_ref":null,"latency_ms":2489.7024999954738,"model_id":"deepseek_chat","output":"The `useEffect` dependency array is empty, so the callback captures the initial `count` value of 0 and never updates.","passed":false,"run_hash":"fa5d9e711b0d5811","run_index":0,"score":0.0,"scoring_details":{"forbidden_found":[],"missing_required":["closure","stale"],"violations":["Required word missing: 'closure'","Required word missing: 'stale'"]},"scoring_method":"word_restrictions","test_id":"CODE-010","timestamp":"2025-12-29T23:57:16.485787","tokens_in":94,"tokens_out":27}