{"confidence":null,"cost_estimate":1.246e-05,"entropy":null,"error":null,"interpretability_ref":null,"latency_ms":1681.9947000039974,"model_id":"deepseek_chat","output":"The code doesn't await the fetch promise before calling `.json()` on it.","passed":true,"run_hash":"813b96ff8a06521b","run_index":0,"score":1.0,"scoring_details":{"forbidden_found":[],"missing_required":[],"violations":[]},"scoring_method":"word_restrictions","test_id":"CODE-002","timestamp":"2025-12-29T23:56:45.856046","tokens_in":57,"tokens_out":16}