{"confidence":null,"cost_estimate":8.133999999999999e-05,"entropy":null,"error":null,"interpretability_ref":null,"latency_ms":8850.5395000102,"model_id":"deepseek_chat","output":"The off-by-one error is in the slice index. Let's trace through the example:\n\n**Current code:**\n```python\narr[len(arr) - n - 1:]\n```\n\n**For `arr = [1,2,3,4,5]` and `n = 3`:**\n- `len(arr) = 5`\n- `len(arr) - n - 1 = 5 - 3 - 1 = 1`\n- Slice becomes: `arr[1:]` which gives `[2,3,4,5]` \u274c\n\n**What we want:**\n- We want the last 3 elements: `[3,4,5]`\n- Starting index should be: `len(arr) - n = 5 - 3 = 2`\n- Correct slice: `arr[2:]` \u2705\n\n**Fixed code:**\n```python\ndef get_last_n_elements(arr, n):\n    return arr[len(arr) - n:]\n```\n\n**Alternative (more readable):**\n```python\ndef get_last_n_elements(arr, n):\n    return arr[-n:]  # Python negative indexing handles this elegantly\n```\n\nThe error was subtracting 1 when we shouldn't have.","passed":false,"run_hash":"df178cf681525078","run_index":0,"score":0.0,"scoring_details":{"forbidden_found":[],"missing_required":["-1","remove"],"violations":["Required word missing: '-1'","Required word missing: 'remove'"]},"scoring_method":"word_restrictions","test_id":"CODE-006","timestamp":"2025-12-29T23:57:07.823474","tokens_in":69,"tokens_out":256}