{"confidence":null,"cost_estimate":2.0719999999999998e-05,"entropy":null,"error":null,"interpretability_ref":null,"latency_ms":2847.0452000037767,"model_id":"deepseek_chat","output":"This regex validates email addresses by requiring a local part with alphanumeric characters and certain symbols, followed by an \"@\" symbol, then a domain name with alphanumerics and hyphens, and finally a top-level domain of at least two letters.","passed":true,"run_hash":"6a15d0cc993062ef","run_index":0,"score":1.0,"scoring_details":{"forbidden_found":[],"missing_required":[],"violations":[]},"scoring_method":"word_restrictions","test_id":"CODE-004","timestamp":"2025-12-29T23:56:52.559591","tokens_in":46,"tokens_out":51}