{"confidence":null,"cost_estimate":1.26e-05,"entropy":null,"error":null,"interpretability_ref":null,"latency_ms":2299.1359000006923,"model_id":"deepseek_chat","output":"[x * 2 for x in range(10) if x % 2 == 0]","passed":true,"run_hash":"c64536a9e248d7e4","run_index":0,"score":1.0,"scoring_details":{"groups":null,"match":"[x * 2 for x in range(10) if x % 2 == 0]","matched":true,"pattern":"\\[.*for.*in.*if.*\\]"},"scoring_method":"regex_match","test_id":"CODE-008","timestamp":"2025-12-29T23:57:12.539197","tokens_in":50,"tokens_out":20}