{"confidence":null,"cost_estimate":9.086e-05,"entropy":null,"error":null,"interpretability_ref":null,"latency_ms":9039.30340000079,"model_id":"deepseek_chat","output":"Here\u2019s the prioritization based on severity (impact) and effort:\n\n**Ranking (1 = highest priority):**  \n1. **Bug A** \u2013 Crashes app for 5% of users on login (High impact, 2 days to fix)  \n2. **Bug D** \u2013 Payment fails for international cards (High impact, 3 days to fix)  \n3. **Bug C** \u2013 Slow loading on reports page 10+ seconds (Medium impact, 1 week to fix)  \n4. **Bug B** \u2013 Typo in settings page (Low impact, 1 hour to fix)  \n5. **Bug E** \u2013 Dark mode colors slightly off (Low impact, 4 hours to fix)  \n\n**Explanation for top choice (Bug A):**  \nBug A is the highest priority because it\u2019s a **high-impact issue affecting user access** (app crash on login for 5% of users) and requires relatively **low effort** (2 days) to resolve.  \n- **Impact:** A crash on login blocks users entirely, which can lead to immediate churn, negative reviews, and support tickets.  \n- **Effort:** Compared to Bug D (also high impact but 3 days), Bug","passed":true,"run_hash":"d1e23638c4074dd1","run_index":0,"score":1.0,"scoring_details":{"forbidden_found":[],"missing_required":[],"violations":[]},"scoring_method":"word_restrictions","test_id":"REASON-009","timestamp":"2025-12-30T00:03:13.634990","tokens_in":137,"tokens_out":256}