{"confidence":null,"cost_estimate":2.408e-05,"entropy":null,"error":null,"interpretability_ref":null,"latency_ms":2837.656700008665,"model_id":"deepseek_chat","output":"The most likely root cause is that the site redesign introduced widespread crawl errors (like JavaScript rendering or blocked resources) that prevent Google from properly indexing content, despite the server returning 200 OK status codes.","passed":false,"run_hash":"c5e4f064484767db","run_index":0,"score":0.25,"scoring_details":{"forbidden_found":[],"missing_required":["index","robot","SEO"],"violations":["Required word missing: 'index'","Required word missing: 'robot'","Required word missing: 'SEO'"]},"scoring_method":"word_restrictions","test_id":"REASON-010","timestamp":"2025-12-30T00:03:16.482065","tokens_in":92,"tokens_out":40}