{"confidence":null,"cost_estimate":8.343999999999999e-05,"entropy":null,"error":null,"interpretability_ref":null,"latency_ms":9268.513200004236,"model_id":"deepseek_chat","output":"Alright, let\u2019s break this down step-by-step.  \n\n---\n\n## **1. Profile storage**\n- Each user profile: **2 KB**  \n- Each user profile photo: **500 KB**  \n- Total per user for profile + photo:  \n\\[\n2 + 500 = 502 \\text{ KB}\n\\]\n- For 10,000 users:  \n\\[\n10{,}000 \\times 502 \\text{ KB} = 5{,}020{,}000 \\text{ KB}\n\\]\nConvert to GB (1 GB = \\(10^6\\) KB roughly for simplicity here, but exactly 1 GB = \\(2^{20}\\) KB \u2248 1,048,576 KB):  \n\\[\n5{,}020{,}000 \\text{ KB} \\approx 4.79 \\text{ GB}\n\\]\n\n---\n\n## **2. Messages storage**\n- Each user sends **50 messages/month** average.  \n- Each message: **1 KB**  \n- Messages per user per year:  \n\\[\n50 \\times 12 = 600 \\text{ messages/year}\n\\]\n- Storage per user per year:  \n\\[\n600 \\times 1 \\text{ KB} = 600 \\text{ KB","passed":false,"run_hash":"b89f9beaae95f1c2","run_index":0,"score":0.5,"scoring_details":{"forbidden_found":[],"missing_required":["9","11"],"violations":["Required word missing: '9'","Required word missing: '11'"]},"scoring_method":"word_restrictions","test_id":"REASON-007","timestamp":"2025-12-30T00:03:00.869549","tokens_in":84,"tokens_out":256}