{"confidence":null,"cost_estimate":8.063999999999999e-05,"entropy":null,"error":null,"interpretability_ref":null,"latency_ms":9254.435800001374,"model_id":"deepseek_chat","output":"Alright, let\u2019s break this down step-by-step.  \n\n---\n\n**Step 1: Understand the pricing structure**  \n- Base license: $1,200/year for up to 10 users.  \n- Additional users beyond 10: $100/user/year.  \n- 15% discount for 3-year commitment (applies to total annual cost before multiplying by 3).  \n\n---\n\n**Step 2: Calculate annual cost for 25 users**  \nBase cost for first 10 users = $1,200/year.  \nAdditional users = \\( 25 - 10 = 15 \\) extra users.  \nCost for extra users = \\( 15 \\times 100 = 1,500 \\) /year.  \n\nAnnual cost before discount:  \n\\[\n1200 + 1500 = 2700 \\ \\text{(per year)}\n\\]\n\n---\n\n**Step 3: Apply 15% discount for 3-year commitment**  \nDiscount applies to the annual cost before multiplying by years.  \n\nDiscounted annual cost:  \n\\[\n2700 \\times (1 - 0.15) = 2700 \\times 0.85 = 2295\n\\]\n\n---\n\n**Step 4: Multiply by 3 years**  \n\\[\n229","passed":false,"run_hash":"761593a12919ae39","run_index":0,"score":0.0,"scoring_details":{"forbidden_found":[],"missing_required":["7650","8415","8500"],"violations":["Required word missing: '7650'","Required word missing: '8415'","Required word missing: '8500'"]},"scoring_method":"word_restrictions","test_id":"REASON-002","timestamp":"2025-12-30T00:02:21.790250","tokens_in":64,"tokens_out":256}