{"confidence":null,"cost_estimate":8.609999999999999e-05,"entropy":null,"error":null,"interpretability_ref":null,"latency_ms":9308.946699995431,"model_id":"deepseek_chat","output":"Let\u2019s break this down step by step.\n\n---\n\n## **Step 1: List each person\u2019s availability in hourly slots**\n\nWe\u2019ll convert each range into **available 1-hour slots** (start times).\n\n**Alice:**\n- Mon 9\u201312 \u2192 1-hour slots starting at 9, 10, 11 (ends at 12, so 11\u201312 is okay)\n- Tue 2\u20135 \u2192 slots starting at 2, 3, 4\n- Wed 10\u20133 \u2192 slots starting at 10, 11, 12, 1, 2 (since 2\u20133 is okay)\n\n**Bob:**\n- Mon 10\u20131 \u2192 slots starting at 10, 11, 12\n- Wed 9\u201312 \u2192 slots starting at 9, 10, 11\n- Thu 1\u20134 \u2192 slots starting at 1, 2, 3\n\n**Carlos:**\n- Mon 11\u20132 \u2192 slots starting at 11, 12, 1\n- Wed 10\u20131 \u2192 slots starting at 10, 11, 12\n- Fri 9\u201312 \u2192 slots starting at 9, 10,","passed":true,"run_hash":"332b5a24c5951095","run_index":0,"score":1.0,"scoring_details":{"forbidden_found":[],"missing_required":[],"violations":[]},"scoring_method":"word_restrictions","test_id":"REASON-003","timestamp":"2025-12-30T00:02:31.113616","tokens_in":103,"tokens_out":256}