{"confidence":null,"cost_estimate":8.511999999999998e-05,"entropy":null,"error":null,"interpretability_ref":null,"latency_ms":9442.320599991945,"model_id":"deepseek_chat","output":"Alright, let\u2019s break this down step-by-step.\n\n---\n\n## **1. Understanding the problem**\nWe have:\n\n| Channel | Cost per lead | Conversion rate | Budget limit: $50,000 total |\n|---------|---------------|-----------------|-----------------------------|\n| Email   | $5            | 30%             |                             |\n| Social  | $8            | 25%             |                             |\n| PPC     | $12           | 40%             |                             |\n\n**Goal:** Maximize *conversions* (not leads).  \nA conversion here means a lead that becomes a sale (or whatever the final goal is).\n\n---\n\n## **2. Conversions per dollar spent**\nFor each channel:\n\n- **Email**:  \n  Cost per lead = $5  \n  Leads per dollar = \\( \\frac{1}{5} = 0.2 \\) leads per $1  \n  Conversion rate = 30% \u2192  \n  **Conversions per dollar** = \\( 0.2 \\times 0.3 = 0.06 \\) conversions per $1\n\n- **Social**:  \n  Cost per lead = $8  \n  Leads per dollar = \\( \\frac{1}{8} = 0.125 \\) leads per","passed":true,"run_hash":"aeeb299462983c71","run_index":0,"score":1.0,"scoring_details":{"forbidden_found":[],"missing_required":[],"violations":[]},"scoring_method":"word_restrictions","test_id":"REASON-005","timestamp":"2025-12-30T00:02:49.882324","tokens_in":96,"tokens_out":256}