{"confidence":null,"cost_estimate":8.343999999999999e-05,"entropy":null,"error":null,"interpretability_ref":null,"latency_ms":9303.61209998955,"model_id":"deepseek_chat","output":"Let\u2019s break this down step by step.\n\n---\n\n**1. List tasks and durations:**\n- A: 2 days, no dependencies  \n- B: 3 days, requires A  \n- C: 1 day, requires A  \n- D: 2 days, requires B and C  \n- E: 1 day, requires D  \n\n---\n\n**2. Determine earliest start and finish times:**\n\n**Task A**  \nStart: Monday (Day 0)  \nFinish: Monday + 2 days \u2192 Tuesday end of day (Day 2 end)  \nSo earliest start for tasks needing A = Wednesday (Day 3 start).\n\n---\n\n**Task B**  \nStart: Wednesday (Day 3)  \nDuration: 3 days \u2192 finishes Friday end of day (Day 5 end).\n\n---\n\n**Task C**  \nStart: Wednesday (Day 3)  \nDuration: 1 day \u2192 finishes Wednesday end of day (Day 3 end).\n\n---\n\n**Task D**  \nRequires B and C.  \nB finishes Day 5 (Friday end), C finishes Day 3 (Wednesday end).  \nSo D can start after both finish \u2192 Saturday (Day 6 start).  \nDuration: 2 days \u2192 finishes Sunday end of day (Day","passed":false,"run_hash":"c219d11032b0fc39","run_index":0,"score":0.5,"scoring_details":{"forbidden_found":[],"missing_required":["9"],"violations":["Required word missing: '9'"]},"scoring_method":"word_restrictions","test_id":"REASON-004","timestamp":"2025-12-30T00:02:40.429690","tokens_in":84,"tokens_out":256}