{"confidence":null,"cost_estimate":3.346e-05,"entropy":null,"error":null,"interpretability_ref":null,"latency_ms":3697.5335000024643,"model_id":"deepseek_chat","output":"Based on a two-proportion z-test, the result is statistically significant at the 95% confidence level. The conversion rates are 3.2% (A) and 3.68% (B), yielding a p-value of approximately 0.0014, which is well below the 0.05 threshold. Therefore, the 15% relative improvement is unlikely to be due to chance.","passed":true,"run_hash":"2aa8434b0cbe3bc9","run_index":0,"score":1.0,"scoring_details":{"char_count":308,"constraints":{},"sentence_count":7,"violations":[],"word_count":49},"scoring_method":"length_constraints","test_id":"REASON-008","timestamp":"2025-12-30T00:03:04.583974","tokens_in":75,"tokens_out":82}