{"confidence":null,"cost_estimate":7.784e-05,"entropy":null,"error":null,"interpretability_ref":null,"latency_ms":8807.977199991,"model_id":"deepseek_chat","output":"Let\u2019s go step by step.  \n\n**Project X details:**  \n- Budget: $85K  \n- Uses customer purchase history \u2192 involves customer data  \n- Integrates with Stripe \u2192 external vendor  \n\n---\n\n**Rule 1:** Projects over $100K require VP approval.  \nBudget = $85K \u2192 **not over $100K** \u2192 **No VP approval needed**.\n\n**Rule 2:** Projects involving customer data require Security review.  \nUses customer purchase history \u2192 involves customer data \u2192 **Yes, Security review needed**.\n\n**Rule 3:** Projects with external vendors require Legal review.  \nIntegrates with Stripe (external vendor) \u2192 **Yes, Legal review needed**.\n\n**Rule 4:** If a project requires both Security AND Legal review, it also needs Compliance sign-off.  \nFrom above: Security review = Yes, Legal review = Yes \u2192 **Yes, Compliance sign-off needed**.\n\n---\n\n**Approvals needed:**  \n1. Security review  \n2. Legal review  \n3. Compliance sign-off  \n\n**Final answer:**  \n\\[\n\\boxed{\\text{Security review, Legal review, Compliance sign-off}}\n\\]","passed":true,"run_hash":"052998ea991049a1","run_index":0,"score":1.0,"scoring_details":{"forbidden_found":[],"missing_required":[],"violations":[]},"scoring_method":"word_restrictions","test_id":"REASON-001","timestamp":"2025-12-30T00:02:12.523848","tokens_in":94,"tokens_out":231}