{"confidence":null,"cost_estimate":0.0022626,"entropy":null,"error":null,"interpretability_ref":null,"latency_ms":3465.38110000256,"model_id":"mistral_mistral_medium_latest","output":"To forecast January's revenue using a **simple linear trend**, we'll follow these steps:\n\n### **1. Assign Time Periods (t)**\nLet\u2019s assign numerical values to each month for trend analysis:\n\n| Month | Revenue ($K) | Time (t) |\n|-------|--------------|----------|\n| Jul   | 80           | 1        |\n| Aug   | 85           | 2        |\n| Sep   | 92           | 3        |\n| Oct   | 98           | 4        |\n| Nov   | 105          | 5        |\n| Dec   | 115          | 6        |\n\n### **2. Calculate the Linear Trend Equation**\nThe simple linear trend equation is:\n\n\\[\nY = a + b \\cdot t\n\\]\n\nWhere:\n- \\( Y \\) = Revenue\n- \\( t \\) = Time period\n- \\( a \\) = Intercept (baseline revenue)\n- \\( b \\) = Slope (monthly increase in revenue)\n\n#### **Step 1: Compute the Slope (\\( b \\))**\nThe formula for the slope is:\n\n\\[\nb = \\frac{\\sum (t \\cdot Y)","passed":false,"run_hash":"e07fc75e5a47e7a1","run_index":0,"score":0.33333333333333337,"scoring_details":{"forbidden_found":[],"missing_required":["120","125"],"violations":["Required word missing: '120'","Required word missing: '125'"]},"scoring_method":"word_restrictions","test_id":"BIZ-003","timestamp":"2025-12-30T00:59:45.028474","tokens_in":70,"tokens_out":256}