{"confidence":null,"cost_estimate":0.0016632,"entropy":null,"error":null,"interpretability_ref":null,"latency_ms":4771.050099996501,"model_id":"mistral_mistral_medium_latest","output":"Here\u2019s the risk assessment for each item:\n\n1. **Item 1: High** \u2013 Losing a key engineering lead without a succession plan risks project delays, knowledge gaps, and team morale issues.\n2. **Item 2: Low** \u2013 A 5% AWS price increase is manageable with budget adjustments and cost optimization, posing minimal operational risk.\n3. **Item 3: High** \u2013 A competitor\u2019s acquisition by Microsoft could intensify competition, accelerate their roadmap, and threaten market share.\n4. **Item 4: High** \u2013 Heavy reliance on 3 customers (40% revenue) creates financial vulnerability if any churn or renegotiate terms.\n5. **Item 5: High** \u2013 Critical security vulnerabilities expose the company to breaches, legal liabilities, and reputational damage if unaddressed.","passed":false,"run_hash":"6073de35f8227b5a","run_index":0,"score":0.6666666666666667,"scoring_details":{"forbidden_found":[],"missing_required":["Medium"],"violations":["Required word missing: 'Medium'"]},"scoring_method":"word_restrictions","test_id":"BIZ-009","timestamp":"2025-12-30T01:00:08.471005","tokens_in":97,"tokens_out":173}