{"confidence":null,"cost_estimate":0.0023571,"entropy":null,"error":null,"interpretability_ref":null,"latency_ms":5056.648400000995,"model_id":"mistral_mistral_medium_latest","output":"Let's analyze the **ROI (Return on Investment)** and **payback period** for this automation project to determine whether it's a good investment.\n\n---\n\n### **1. Calculate Current Costs (Manual Process)**\n- **5 FTEs** spend **40% of their time** on manual data entry.\n- **Cost per FTE**: $80,000/year\n- **Total annual labor cost for manual work**:\n  \\[\n  5 \\text{ FTEs} \\times 40\\% \\times \\$80,000 = 5 \\times 0.4 \\times \\$80,000 = \\$160,000 \\text{ per year}\n  \\]\n\n---\n\n### **2. Calculate Future Costs (After Automation)**\n- **Efficiency gain**: **80% reduction** in manual work.\n- **Remaining manual work**: 20% of original effort.\n- **New annual labor cost for manual work**:\n  \\[\n  \\$160,000 \\times 20\\% = \\$32,000 \\text{ per year}\n  \\]\n- **Ongoing maintenance cost**: \\$20,0","passed":false,"run_hash":"63726f06c7f3b404","run_index":0,"score":0.5,"scoring_details":{"forbidden_found":[],"missing_required":["128000","yes"],"violations":["Required word missing: '128000'","Required word missing: 'yes'"]},"scoring_method":"word_restrictions","test_id":"BIZ-010","timestamp":"2025-12-30T01:00:13.553436","tokens_in":105,"tokens_out":256}