{"confidence":null,"cost_estimate":0.0010098,"entropy":null,"error":null,"interpretability_ref":null,"latency_ms":2215.394600003492,"model_id":"mistral_mistral_medium_latest","output":"Your **cost advantage** ($500 vs. $600/mo) and **24/7 support** (vs. business-hours-only) make you the **better-value mid-market solution**\u2014delivering the same all-in-one functionality with greater accessibility and responsiveness. This positions you as the **scalable, high-touch alternative** for growing teams that need reliability without overpaying.","passed":true,"run_hash":"a98679bbe46fd1ee","run_index":0,"score":1.0,"scoring_details":{"char_count":354,"constraints":{},"sentence_count":4,"violations":[],"word_count":42},"scoring_method":"length_constraints","test_id":"BIZ-008","timestamp":"2025-12-30T01:00:03.660558","tokens_in":119,"tokens_out":85}