{"confidence":null,"cost_estimate":0.0023355,"entropy":null,"error":null,"interpretability_ref":null,"latency_ms":3134.2882000026293,"model_id":"mistral_mistral_medium_latest","output":"Let's calculate the expected monthly revenue for each pricing option with 10,000 active users.\n\n### **Option A: $10/month flat fee (40% adoption)**\n- **Adopting users:** \\(10,000 \\times 0.40 = 4,000\\)\n- **Revenue per user:** $10\n- **Total revenue:** \\(4,000 \\times 10 = **$40,000**\\)\n\n### **Option B: $5/month (70% adoption)**\n- **Adopting users:** \\(10,000 \\times 0.70 = 7,000\\)\n- **Revenue per user:** $5\n- **Total revenue:** \\(7,000 \\times 5 = **$35,000**\\)\n\n### **Option C: Usage-based ($0.10/action, avg 30 actions/user, 55% adoption)**\n- **Adopting users:** \\(10,000 \\times 0.55 = 5,500\\)\n- **Actions per user:** 30\n","passed":false,"run_hash":"6cfa865c2a663db0","run_index":0,"score":0.25,"scoring_details":{"forbidden_found":[],"missing_required":["40000","35000","16500"],"violations":["Required word missing: '40000'","Required word missing: '35000'","Required word missing: '16500'"]},"scoring_method":"word_restrictions","test_id":"BIZ-006","timestamp":"2025-12-30T00:59:58.336320","tokens_in":97,"tokens_out":256}