{"confidence":null,"cost_estimate":0.0012177,"entropy":null,"error":null,"interpretability_ref":null,"latency_ms":3339.3629000056535,"model_id":"mistral_mistral_medium_latest","output":"The cohort retention data shows a clear **improving trend** over time, with each successive cohort (Jan \u2192 Feb \u2192 Mar) retaining a higher percentage of users in **Months 2, 3, and 4**. For example, Month 4 retention rises from **42% (Jan) to 51% (Mar)**, suggesting better user engagement or product improvements. This indicates **positive momentum in retention**, though further analysis could explore the drivers behind this trend.","passed":true,"run_hash":"0d06f5820ce7c773","run_index":0,"score":1.0,"scoring_details":{"char_count":431,"constraints":{},"sentence_count":3,"violations":[],"word_count":67},"scoring_method":"length_constraints","test_id":"BIZ-002","timestamp":"2025-12-30T00:59:41.544261","tokens_in":154,"tokens_out":99}