{"confidence":null,"cost_estimate":0.0022923,"entropy":null,"error":null,"interpretability_ref":null,"latency_ms":5799.027799992473,"model_id":"mistral_mistral_medium_latest","output":"Here\u2019s the analysis of your sales funnel with conversion rates at each stage:\n\n### **Conversion Rates:**\n1. **Leads \u2192 MQLs (Marketing Qualified Leads):**\n   - **Conversion Rate:** (1,000 / 5,000) \u00d7 100 = **20%**\n2. **MQLs \u2192 SQLs (Sales Qualified Leads):**\n   - **Conversion Rate:** (300 / 1,000) \u00d7 100 = **30%**\n3. **SQLs \u2192 Opportunities:**\n   - **Conversion Rate:** (150 / 300) \u00d7 100 = **50%**\n4. **Opportunities \u2192 Closed Won:**\n   - **Conversion Rate:** (45 / 150) \u00d7 100 = **30%**\n\n### **Biggest Drop-Off:**\nThe **largest drop-off** occurs between **Leads \u2192 MQLs (20% conversion rate)**, where **80% of leads are lost**.\n\n### **Possible Causes of the Drop-Off:**\n1. **Poor Lead Quality:**\n   - Many leads may not fit the ideal customer profile (ICP","passed":false,"run_hash":"72ac04ec093724b8","run_index":0,"score":0.0,"scoring_details":{"forbidden_found":[],"missing_required":["20%","30%","SQL"],"violations":["Required word missing: '20%'","Required word missing: '30%'","Required word missing: 'SQL'"]},"scoring_method":"word_restrictions","test_id":"BIZ-005","timestamp":"2025-12-30T00:59:55.163309","tokens_in":81,"tokens_out":256}