{"confidence":null,"cost_estimate":0.0022788,"entropy":null,"error":null,"interpretability_ref":null,"latency_ms":4267.075299998396,"model_id":"mistral_mistral_medium_latest","output":"Let's calculate the key unit economics metrics for this subscription product:\n\n### 1. **Lifetime Value (LTV)**\nLTV = (Monthly Revenue \u00d7 Gross Margin) \u00d7 Average Customer Lifetime\n= ($29 \u00d7 0.80) \u00d7 18\n= $23.20 \u00d7 18\n= **$417.60**\n\n### 2. **LTV:CAC Ratio**\nLTV:CAC = LTV / CAC\n= $417.60 / $150\n= **2.78:1**\n\n### 3. **Months to Recover CAC**\nMonthly Contribution Margin = Monthly Revenue \u00d7 Gross Margin\n= $29 \u00d7 0.80\n= $23.20\n\nMonths to Recover CAC = CAC / Monthly Contribution Margin\n= $150 / $23.20\n= **6.47 months**\n\n---\n\n### **Is This a Healthy Business Model?**\nYes, this appears to be a **healthy subscription business** based on the following benchmarks:\n\n- **LTV:CAC Ratio (2.78:1)** \u2013 A ratio above **3:1","passed":false,"run_hash":"d62a4b6cc5675e2f","run_index":0,"score":0.5,"scoring_details":{"forbidden_found":[],"missing_required":["2.7","6.5"],"violations":["Required word missing: '2.7'","Required word missing: '6.5'"]},"scoring_method":"word_restrictions","test_id":"BIZ-004","timestamp":"2025-12-30T00:59:49.329688","tokens_in":76,"tokens_out":256}