{"confidence":null,"cost_estimate":0.001674,"entropy":null,"error":null,"interpretability_ref":null,"latency_ms":3048.3464999997523,"model_id":"mistral_mistral_medium_latest","output":"**Objective:**\n**Deliver a seamless and efficient customer onboarding experience that accelerates time-to-value and reduces friction.**\n\n**Key Results:**\n1. **Reduce time to first value (TtFV) from 14 days to 5 days** by streamlining the onboarding workflow, automating key steps, and improving in-app guidance.\n2. **Increase onboarding completion rate from 45% to 75%** by implementing a structured onboarding checklist, personalized tutorials, and proactive customer success outreach.\n3. **Decrease support tickets during onboarding from 3.2 to 1.5 per user** by enhancing self-service resources (FAQs, video guides, chatbots) and improving preemptive issue resolution.\n\n*(Optional Stretch KR: Achieve an NPS of 50+ for the onboarding experience by EOQ.)*","passed":false,"run_hash":"93f960df28e9d919","run_index":0,"score":0.5,"scoring_details":{"forbidden_found":[],"missing_required":["Key Result"],"violations":["Required word missing: 'Key Result'"]},"scoring_method":"word_restrictions","test_id":"BIZ-007","timestamp":"2025-12-30T01:00:01.416949","tokens_in":71,"tokens_out":183}