{"confidence":null,"cost_estimate":0.0023733,"entropy":null,"error":null,"interpretability_ref":null,"latency_ms":3638.7606999924174,"model_id":"mistral_mistral_medium_latest","output":"Here are the calculations for each of the requested SaaS metrics based on the provided data:\n\n---\n\n### **1) Net New MRR**\n**Definition:** The net increase in MRR from new customers, expansions, churn, and contractions.\n**Formula:**\n`Net New MRR = New MRR + Expansion MRR - Churned MRR - Contracted MRR`\n\n**Calculation:**\n= $15,000 (New MRR)\n+ $5,000 (Expansion MRR)\n- $8,000 (Churned MRR)\n- $2,000 (Contracted MRR)\n= **$10,000**\n\n---\n\n### **2) MRR End of Month**\n**Definition:** The total MRR at the end of the month, accounting for all changes.\n**Formula:**\n`MRR End of Month = MRR Start of Month + Net New MRR`\n\n**Calculation:**\n= $100,000 (MRR Start of Month)\n+ $10,000 (Net New MRR)\n= **$110,000**\n\n---\n\n### **3) Net Revenue Retention Rate (NRR)**\n**Definition","passed":false,"run_hash":"e7b3399d36e29e9f","run_index":0,"score":0.0,"scoring_details":{"forbidden_found":[],"missing_required":["10000","110000","95%"],"violations":["Required word missing: '10000'","Required word missing: '110000'","Required word missing: '95%'"]},"scoring_method":"word_restrictions","test_id":"BIZ-001","timestamp":"2025-12-30T00:59:38.175533","tokens_in":111,"tokens_out":256}