{"confidence":null,"cost_estimate":7.335999999999999e-05,"entropy":null,"error":null,"interpretability_ref":null,"latency_ms":7270.508000001428,"model_id":"deepseek_chat","output":"```json\n[\n  {\n    \"milestone\": \"Dependencies identified\",\n    \"date\": \"March 10\"\n  },\n  {\n    \"milestone\": \"Requirements sign-off\",\n    \"date\": \"March 15\"\n  },\n  {\n    \"milestone\": \"Design review meeting\",\n    \"date\": \"March 22\"\n  },\n  {\n    \"milestone\": \"Development sprint 1 start\",\n    \"date\": \"March 25\"\n  },\n  {\n    \"milestone\": \"Development sprint 1 end\",\n    \"date\": \"April 8\"\n  },\n  {\n    \"milestone\": \"UAT begins\",\n    \"date\": \"April 15\"\n  },\n  {\n    \"milestone\": \"Go-live soft launch\",\n    \"date\": \"May 1\"\n  },\n  {\n    \"milestone\": \"Go-live full launch\",\n    \"date\": \"May 15\"\n  }\n]\n```","passed":false,"run_hash":"c3ea581d6332d84f","run_index":0,"score":0.0,"scoring_details":{"error":"Expecting value: line 1 column 1 (char 0)","output_preview":"```json\n[\n  {\n    \"milestone\": \"Dependencies identified\",\n    \"date\": \"March 10\"\n  },\n  {\n    \"milestone\": \"Requirements sign-off\",\n    \"date\": \"March 15\"\n  },\n  {\n    \"milestone\": \"Design review meet","valid_json":false},"scoring_method":"json_schema","test_id":"DOC-004","timestamp":"2025-12-29T23:59:13.866459","tokens_in":128,"tokens_out":198}