{"confidence":null,"cost_estimate":3.892e-05,"entropy":null,"error":null,"interpretability_ref":null,"latency_ms":4354.48369999358,"model_id":"deepseek_chat","output":"{\n  \"project_budget\": \"$2,500,000\",\n  \"contingency_reserve\": \"$375,000\",\n  \"phase_1_cost\": \"$800,000\",\n  \"phase_2_cost\": \"$1,200,000\",\n  \"phase_3_cost\": \"$500,000\",\n  \"deposit_paid\": \"$250,000\",\n  \"monthly_operational_cost\": \"$45,000\"\n}","passed":true,"run_hash":"4ee7e0c8202a4e3d","run_index":0,"score":1.0,"scoring_details":{"keys":["project_budget","contingency_reserve","phase_1_cost","phase_2_cost","phase_3_cost","deposit_paid","monthly_operational_cost"],"schema_valid":false,"valid_json":true},"scoring_method":"json_schema","test_id":"DOC-002","timestamp":"2025-12-29T23:59:03.772686","tokens_in":94,"tokens_out":92}