{"confidence":null,"cost_estimate":3.374e-05,"entropy":null,"error":null,"interpretability_ref":null,"latency_ms":3684.6569000044838,"model_id":"deepseek_chat","output":"```json\n{\n  \"name\": \"John Smith\",\n  \"unit\": \"Apartment 4B, Suite 500\",\n  \"street\": \"123 Main Street\",\n  \"city\": \"New York\",\n  \"state\": \"NY\",\n  \"zip\": \"10001\",\n  \"country\": \"United States\",\n  \"phone\": \"(555) 123-4567\"\n}\n```","passed":false,"run_hash":"ccda67c12e8fa6e6","run_index":0,"score":0.0,"scoring_details":{"error":"Expecting value: line 1 column 1 (char 0)","output_preview":"```json\n{\n  \"name\": \"John Smith\",\n  \"unit\": \"Apartment 4B, Suite 500\",\n  \"street\": \"123 Main Street\",\n  \"city\": \"New York\",\n  \"state\": \"NY\",\n  \"zip\": \"10001\",\n  \"country\": \"United States\",\n  \"phone\": ","valid_json":false},"scoring_method":"json_schema","test_id":"DOC-005","timestamp":"2025-12-29T23:59:17.562411","tokens_in":77,"tokens_out":82}