{"confidence":null,"cost_estimate":2.2119999999999998e-05,"entropy":null,"error":null,"interpretability_ref":null,"latency_ms":2024.02590001293,"model_id":"deepseek_chat","output":"The campaign launch is back on for Monday after broken links and mobile issues were fixed and approved by QA.","passed":true,"run_hash":"b22cd4b8e9918a78","run_index":0,"score":1.0,"scoring_details":{"char_count":109,"constraints":{},"sentence_count":1,"violations":[],"word_count":20},"scoring_method":"length_constraints","test_id":"DOC-006","timestamp":"2025-12-29T23:59:19.598689","tokens_in":116,"tokens_out":21}