{"confidence":null,"cost_estimate":1.4839999999999999e-05,"entropy":null,"error":null,"interpretability_ref":null,"latency_ms":1160.8029999915743,"model_id":"deepseek_chat","output":"technical","passed":true,"run_hash":"c2cc35d642591b68","run_index":0,"score":1.0,"scoring_details":{"groups":["technical"],"match":"technical","matched":true,"pattern":"^(billing|technical|account|feature_request|other)$"},"scoring_method":"regex_match","test_id":"DOC-007","timestamp":"2025-12-29T23:59:20.771345","tokens_in":104,"tokens_out":1}