{"confidence":null,"cost_estimate":4.802e-05,"entropy":null,"error":null,"interpretability_ref":null,"latency_ms":4524.9386000068625,"model_id":"deepseek_chat","output":"*   Record Q3 revenue of $127M (23% growth), driven by a 45% surge in enterprise sales and expansion into three new international markets.\n*   Profitability and customer base increased significantly, with operating margins improving to 22% and active users growing to 3.1 million.\n*   Full-year revenue guidance raised to $520M, despite noted risks from currency fluctuations and potential EU regulatory changes.","passed":false,"run_hash":"fe1c4399a8d2eca7","run_index":0,"score":0.0,"scoring_details":{"case_sensitive":false,"expected":"","normalized":true,"output":"*   Record Q3 revenue of $127M (23% growth), driven by a 45% surge in enterprise sales and expansion into three new international markets.\n*   Profitability and customer base increased significantly, "},"scoring_method":"exact_match","test_id":"DOC-001","timestamp":"2025-12-29T23:58:59.405130","tokens_in":171,"tokens_out":86}