{"confidence":null,"cost_estimate":2.2399999999999996e-05,"entropy":null,"error":null,"interpretability_ref":null,"latency_ms":2795.947500009788,"model_id":"deepseek_chat","output":"Our system is built as a set of independent, fast services. It uses specialized tools to manage them efficiently, ensure reliable communication, and deliver data instantly. This scalable design provides both speed and resilience for our users.","passed":true,"run_hash":"f497610212d7f02d","run_index":0,"score":1.0,"scoring_details":{"char_count":243,"constraints":{},"sentence_count":3,"violations":[],"word_count":37},"scoring_method":"length_constraints","test_id":"DOC-003","timestamp":"2025-12-29T23:59:06.580918","tokens_in":74,"tokens_out":43}