{"confidence":null,"cost_estimate":5.852e-05,"entropy":null,"error":null,"interpretability_ref":null,"latency_ms":5800.786800013157,"model_id":"deepseek_chat","output":"```json\n[\n  {\n    \"owner\": \"John\",\n    \"task\": \"send RFP to three vendors\",\n    \"deadline\": \"Nov 25\"\n  },\n  {\n    \"owner\": \"Sarah\",\n    \"task\": \"complete budget revision and share with CFO\",\n    \"deadline\": \"Nov 22\"\n  },\n  {\n    \"owner\": \"Mike\",\n    \"task\": \"schedule security audit with external firm\",\n    \"deadline\": \"Dec 1\"\n  },\n  {\n    \"owner\": \"ALL\",\n    \"task\": \"review and comment on strategy doc\",\n    \"deadline\": \"EOD Friday\"\n  }\n]\n```","passed":false,"run_hash":"eac007eab2099efe","run_index":0,"score":0.0,"scoring_details":{"error":"Expecting value: line 1 column 1 (char 0)","output_preview":"```json\n[\n  {\n    \"owner\": \"John\",\n    \"task\": \"send RFP to three vendors\",\n    \"deadline\": \"Nov 25\"\n  },\n  {\n    \"owner\": \"Sarah\",\n    \"task\": \"complete budget revision and share with CFO\",\n    \"dead","valid_json":false},"scoring_method":"json_schema","test_id":"DOC-008","timestamp":"2025-12-29T23:59:26.590302","tokens_in":138,"tokens_out":140}