{"confidence":null,"cost_estimate":5.6559999999999994e-05,"entropy":null,"error":null,"interpretability_ref":null,"latency_ms":5317.986900001415,"model_id":"deepseek_chat","output":"*   **Storage Capacity & Price:** Product A offers 1TB per user at $25/user/month, while Product B offers 500GB per user at $15/user/month.\n*   **Service Level & Support:** Product A guarantees 99.99% uptime with 24/7 priority support, whereas Product B offers a 99.9% uptime SLA with support limited to business hours (9-5 M-F).\n*   **Compliance & Admin Features:** Product A is both SOC2 and HIPAA compliant and includes an admin console with analytics, while Product B is SOC2 compliant only and provides basic admin tools.","passed":false,"run_hash":"77675379df45f023","run_index":0,"score":0.0,"scoring_details":{"case_sensitive":false,"expected":"","normalized":true,"output":"*   **Storage Capacity & Price:** Product A offers 1TB per user at $25/user/month, while Product B offers 500GB per user at $15/user/month.\n*   **Service Level & Support:** Product A guarantees 99.99%"},"scoring_method":"exact_match","test_id":"DOC-010","timestamp":"2025-12-29T23:59:34.421312","tokens_in":144,"tokens_out":130}