{"confidence":null,"cost_estimate":2.6879999999999993e-05,"entropy":null,"error":null,"interpretability_ref":null,"latency_ms":2478.5203999927035,"model_id":"deepseek_chat","output":"```json\n{\n  \"overall_sentiment\": \"mixed\",\n  \"confidence\": \"high\",\n  \"key_issues\": [\"delayed shipping\", \"poor customer service\", \"negative delivery experience\"]\n}\n```","passed":false,"run_hash":"24bbdca1bb7c62a4","run_index":0,"score":0.0,"scoring_details":{"error":"Expecting value: line 1 column 1 (char 0)","output_preview":"```json\n{\n  \"overall_sentiment\": \"mixed\",\n  \"confidence\": \"high\",\n  \"key_issues\": [\"delayed shipping\", \"poor customer service\", \"negative delivery experience\"]\n}\n```","valid_json":false},"scoring_method":"json_schema","test_id":"DOC-009","timestamp":"2025-12-29T23:59:29.080676","tokens_in":102,"tokens_out":45}