{"confidence":null,"cost_estimate":0.0018603,"entropy":null,"error":null,"interpretability_ref":null,"latency_ms":2602.7527999976883,"model_id":"mistral_mistral_medium_latest","output":"- **Storage Capacity & Pricing**:\n  - **Product A** offers **1TB per user** at **$25/user/month** (annual billing).\n  - **Product B** provides **500GB per user** at **$15/user/month**.\n\n- **Uptime & Support**:\n  - **Product A** guarantees **99.99% uptime** with **24/7 priority support**.\n  - **Product B** offers **99.9% uptime** with **business-hours support (9-5 M-F)**.\n\n- **Compliance & Admin Features**:\n  - **Product A** is **HIPAA-compliant** and includes an **admin console with analytics**.\n  - **Product B** lacks **HIPAA compliance** and only provides **basic admin tools**.","passed":false,"run_hash":"5b9e5d43118d4e8c","run_index":0,"score":0.0,"scoring_details":{"case_sensitive":false,"expected":"","normalized":true,"output":"- **Storage Capacity & Pricing**:\n  - **Product A** offers **1TB per user** at **$25/user/month** (annual billing).\n  - **Product B** provides **500GB per user** at **$15/user/month**.\n\n- **Uptime & S"},"scoring_method":"exact_match","test_id":"DOC-010","timestamp":"2025-12-30T01:02:00.393478","tokens_in":161,"tokens_out":176}