{"confidence":null,"cost_estimate":0.0015632999999999999,"entropy":null,"error":null,"interpretability_ref":null,"latency_ms":3016.8434999941383,"model_id":"mistral_mistral_medium_latest","output":"Here is the extracted monetary data formatted as a JSON object with descriptive keys:\n\n```json\n{\n  \"project_budget\": {\n    \"total\": \"$2.5 million\",\n    \"contingency_reserve_percentage\": \"15%\"\n  },\n  \"phase_costs\": {\n    \"phase_1\": \"$800,000\",\n    \"phase_2\": \"$1.2 million\",\n    \"phase_3\": \"$500,000\"\n  },\n  \"client_payments\": {\n    \"deposit_paid\": \"$250,000\"\n  },\n  \"operational_costs\": {\n    \"monthly_projection\": \"$45,000\"\n  }\n}\n```","passed":false,"run_hash":"8250716b084e90b6","run_index":0,"score":0.0,"scoring_details":{"error":"Expecting value: line 1 column 1 (char 0)","output_preview":"Here is the extracted monetary data formatted as a JSON object with descriptive keys:\n\n```json\n{\n  \"project_budget\": {\n    \"total\": \"$2.5 million\",\n    \"contingency_reserve_percentage\": \"15%\"\n  },\n  \"","valid_json":false},"scoring_method":"json_schema","test_id":"DOC-002","timestamp":"2025-12-30T01:01:36.036039","tokens_in":108,"tokens_out":157}