{"confidence":null,"cost_estimate":0.0015416999999999998,"entropy":null,"error":null,"interpretability_ref":null,"latency_ms":4573.6243999999715,"model_id":"mistral_mistral_medium_latest","output":"```json\n[\n    {\n        \"owner\": \"John\",\n        \"task\": \"send RFP to three vendors\",\n        \"deadline\": \"Nov 25\"\n    },\n    {\n        \"owner\": \"Sarah\",\n        \"task\": \"complete budget revision and share with CFO\",\n        \"deadline\": \"Nov 22\"\n    },\n    {\n        \"owner\": \"Mike\",\n        \"task\": \"schedule security audit with external firm\",\n        \"deadline\": \"Dec 1\"\n    },\n    {\n        \"owner\": \"ALL\",\n        \"task\": \"review and comment on strategy doc\",\n        \"deadline\": \"EOD Friday\"\n    }\n]\n```","passed":false,"run_hash":"5b446de59d9762ac","run_index":0,"score":0.0,"scoring_details":{"error":"Expecting value: line 1 column 1 (char 0)","output_preview":"```json\n[\n    {\n        \"owner\": \"John\",\n        \"task\": \"send RFP to three vendors\",\n        \"deadline\": \"Nov 25\"\n    },\n    {\n        \"owner\": \"Sarah\",\n        \"task\": \"complete budget revision and ","valid_json":false},"scoring_method":"json_schema","test_id":"DOC-008","timestamp":"2025-12-30T01:01:53.704805","tokens_in":142,"tokens_out":143}