{"confidence":null,"cost_estimate":0.0006048,"entropy":null,"error":null,"interpretability_ref":null,"latency_ms":2514.8443000070984,"model_id":"mistral_mistral_medium_latest","output":"Our system is built with small, independent components that work together seamlessly. It uses fast, reliable messaging and a robust database setup to ensure quick responses and smooth operations, even during high traffic. This design keeps everything running efficiently and scales easily.","passed":true,"run_hash":"6406db7b883f5742","run_index":0,"score":1.0,"scoring_details":{"char_count":289,"constraints":{},"sentence_count":3,"violations":[],"word_count":42},"scoring_method":"length_constraints","test_id":"DOC-003","timestamp":"2025-12-30T01:01:38.584563","tokens_in":74,"tokens_out":50}