{"confidence":null,"cost_estimate":0.0006102,"entropy":null,"error":null,"interpretability_ref":null,"latency_ms":2595.8497999963583,"model_id":"mistral_mistral_medium_latest","output":"**TL;DR:** The campaign launch was delayed to fix broken links and mobile issues but is now back on track for **Monday** with all fixes and analytics confirmed.","passed":true,"run_hash":"64672163d29bfa91","run_index":0,"score":1.0,"scoring_details":{"char_count":160,"constraints":{},"sentence_count":1,"violations":[],"word_count":27},"scoring_method":"length_constraints","test_id":"DOC-006","timestamp":"2025-12-30T01:01:47.397444","tokens_in":121,"tokens_out":35}