{"confidence":null,"cost_estimate":0.0019116,"entropy":null,"error":null,"interpretability_ref":null,"latency_ms":2742.9645999945933,"model_id":"mistral_mistral_medium_latest","output":"```json\n[\n    {\n        \"milestone\": \"Identify all dependencies\",\n        \"date\": \"March 10\"\n    },\n    {\n        \"milestone\": \"Requirements sign-off\",\n        \"date\": \"March 15\"\n    },\n    {\n        \"milestone\": \"Design review meeting\",\n        \"date\": \"March 22 at 2 PM\"\n    },\n    {\n        \"milestone\": \"Development sprint 1\",\n        \"date\": \"March 25 - April 8\"\n    },\n    {\n        \"milestone\": \"UAT begins\",\n        \"date\": \"April 15\"\n    },\n    {\n        \"milestone\": \"Go-live (soft launch)\",\n        \"date\": \"May 1\"\n    },\n    {\n        \"milestone\": \"Go-live (full launch)\",\n        \"date\": \"May 15\"\n    }\n]\n```","passed":false,"run_hash":"f64951d332b9716d","run_index":0,"score":0.0,"scoring_details":{"error":"Expecting value: line 1 column 1 (char 0)","output_preview":"```json\n[\n    {\n        \"milestone\": \"Identify all dependencies\",\n        \"date\": \"March 10\"\n    },\n    {\n        \"milestone\": \"Requirements sign-off\",\n        \"date\": \"March 15\"\n    },\n    {\n        ","valid_json":false},"scoring_method":"json_schema","test_id":"DOC-004","timestamp":"2025-12-30T01:01:41.350048","tokens_in":135,"tokens_out":191}