{"confidence":null,"cost_estimate":0.0021033,"entropy":null,"error":null,"interpretability_ref":null,"latency_ms":4001.688499993179,"model_id":"mistral_mistral_medium_latest","output":"```json\n{\n  \"overall_sentiment\": \"mixed\",\n  \"confidence\": \"high\",\n  \"key_issues\": [\n    {\n      \"aspect\": \"product_quality\",\n      \"sentiment\": \"positive\",\n      \"quote\": \"The product itself is amazing - best quality I've ever seen.\",\n      \"weight\": 0.4\n    },\n    {\n      \"aspect\": \"shipping_delay\",\n      \"sentiment\": \"negative\",\n      \"quote\": \"shipping took 3 weeks instead of the promised 5 days\",\n      \"weight\": 0.3\n    },\n    {\n      \"aspect\": \"customer_service\",\n      \"sentiment\": \"negative\",\n      \"quote\": \"customer service was unhelpful when I complained\",\n      \"weight\": 0.2\n    },\n    {\n      \"aspect\": \"repurchase_intention\",\n      \"sentiment\": \"negative\",\n      \"quote\": \"probably won't order again due to the terrible delivery experience\",\n      \"weight\": 0.1\n    }\n  ]\n}\n```","passed":false,"run_hash":"83d017d61a928749","run_index":0,"score":0.0,"scoring_details":{"error":"Expecting value: line 1 column 1 (char 0)","output_preview":"```json\n{\n  \"overall_sentiment\": \"mixed\",\n  \"confidence\": \"high\",\n  \"key_issues\": [\n    {\n      \"aspect\": \"product_quality\",\n      \"sentiment\": \"positive\",\n      \"quote\": \"The product itself is amazin","valid_json":false},"scoring_method":"json_schema","test_id":"DOC-009","timestamp":"2025-12-30T01:01:57.742229","tokens_in":101,"tokens_out":226}