{"confidence":null,"cost_estimate":0.0003051,"entropy":null,"error":null,"interpretability_ref":null,"latency_ms":1694.4012000021758,"model_id":"mistral_mistral_medium_latest","output":"technical","passed":true,"run_hash":"c2cc35d642591b68","run_index":0,"score":1.0,"scoring_details":{"groups":["technical"],"match":"technical","matched":true,"pattern":"^(billing|technical|account|feature_request|other)$"},"scoring_method":"regex_match","test_id":"DOC-007","timestamp":"2025-12-30T01:01:49.110070","tokens_in":104,"tokens_out":3}