{"confidence":null,"cost_estimate":0.0018684,"entropy":null,"error":null,"interpretability_ref":null,"latency_ms":11299.60649998975,"model_id":"mistral_mistral_medium_latest","output":"- **Record Q3 2024 performance**: Revenue surged **23% YoY to $127M** (beating expectations by $9M), fueled by **45% enterprise growth** and **12% consumer growth**, alongside expansion into **Germany, Japan, and Brazil** and partnerships with **Microsoft and Salesforce**.\n\n- **Operational & customer growth**: Active users jumped **35% to 3.1M**, while **operating margins improved to 22%** (up from 18%) through automation, prompting a **full-year guidance increase to $520M** (from $480M).\n\n- **Risks ahead**: Potential challenges include **currency fluctuations** and **EU regulatory changes**, though strong pipeline visibility supports optimism.","passed":false,"run_hash":"a37a98dbd454f054","run_index":0,"score":0.0,"scoring_details":{"case_sensitive":false,"expected":"","normalized":true,"output":"- **Record Q3 2024 performance**: Revenue surged **23% YoY to $127M** (beating expectations by $9M), fueled by **45% enterprise growth** and **12% consumer growth**, alongside expansion into **Germany"},"scoring_method":"exact_match","test_id":"DOC-001","timestamp":"2025-12-30T01:01:32.994166","tokens_in":188,"tokens_out":168}