{"confidence":null,"cost_estimate":0.0011339999999999998,"entropy":null,"error":null,"interpretability_ref":null,"latency_ms":3395.801799997571,"model_id":"mistral_mistral_medium_latest","output":"Here's the structured JSON object based on the provided unstructured address:\n\n```json\n{\n  \"name\": \"John Smith\",\n  \"unit\": \"Apartment 4B, Suite 500\",\n  \"street\": \"123 Main Street\",\n  \"city\": \"New York\",\n  \"state\": \"NY\",\n  \"zip\": \"10001\",\n  \"country\": \"United States\",\n  \"phone\": \"(555) 123-4567\"\n}\n```","passed":false,"run_hash":"80481a654ef09c23","run_index":0,"score":0.0,"scoring_details":{"error":"Expecting value: line 1 column 1 (char 0)","output_preview":"Here's the structured JSON object based on the provided unstructured address:\n\n```json\n{\n  \"name\": \"John Smith\",\n  \"unit\": \"Apartment 4B, Suite 500\",\n  \"street\": \"123 Main Street\",\n  \"city\": \"New York","valid_json":false},"scoring_method":"json_schema","test_id":"DOC-005","timestamp":"2025-12-30T01:01:44.764660","tokens_in":90,"tokens_out":110}