{"confidence":null,"cost_estimate":0.0,"entropy":null,"error":null,"interpretability_ref":null,"latency_ms":17087.67059999809,"model_id":"local_distilgpt2","output":" x = 5, what is 4x + 3? x = 5, what is 4x + 3? x = 5, what is 4x + 3? x = 5, what is 4x + 3? x = 5, what is 4x + 3? x = 5, what is 4x + 3? x = 5, what is 4x + 3? x = 5, what is 4x + 3? x = 5, what is 4x + 3? x = 5, what is 4x + 3? x = 5, what is 4x + 3? x = 5, what is 4x + 3? x = 5, what is 4x + 3? x = 5, what is 4x + 3? x = 5, what is 4x + 3? x = 5, what is 4x + 3? x = 5, what is 4x + 3? x = 5, what is 4x + 3? x = 5, what is 4x + 3? x = 5, what is 4x + 3? x = 5, what is 4x + 3? x = 5, what is 4x + 3? x = 5, what is 4x + 3? x = 5","passed":false,"run_hash":"081f483dc0081c4c","run_index":0,"score":0.0,"scoring_details":{"difference":8.0,"expected":13.0,"extracted":5.0,"tolerance":1e-06},"scoring_method":"numeric_match","test_id":"MATH-010","timestamp":"2025-12-29T22:53:14.334654","tokens_in":12,"tokens_out":256}