{"confidence":null,"cost_estimate":0.0022518,"entropy":null,"error":null,"interpretability_ref":null,"latency_ms":3491.6415000043344,"model_id":"mistral_mistral_medium_latest","output":"The off-by-one error in the `get_last_n_elements` function is in the slice calculation. The current implementation `arr[len(arr) - n - 1:]` is incorrect because it starts the slice at the wrong index.\n\n### Problem:\nFor the test case `get_last_n_elements([1,2,3,4,5], 3)`, the function should return `[3,4,5]`. However, the current implementation does the following:\n1. `len(arr) - n - 1` = `5 - 3 - 1` = `1`, so the slice starts at index `1` (value `2`).\n2. The slice `arr[1:]` returns `[2, 3, 4, 5]`, which is incorrect.\n\n### Fix:\nThe correct way to get the last `n` elements is to start the slice at `len(arr) - n` (without the `-1`). Here's the corrected function:\n\n```python\ndef get_last_n_elements(arr, n):\n    return arr[len(arr) - n:]\n```\n\n### Explanation:\n- For `arr = [1, 2, 3, 4, 5]` and `n = 3`:\n","passed":false,"run_hash":"3780fba98605897c","run_index":0,"score":0.0,"scoring_details":{"forbidden_found":[],"missing_required":["-1","remove"],"violations":["Required word missing: '-1'","Required word missing: 'remove'"]},"scoring_method":"word_restrictions","test_id":"CODE-006","timestamp":"2025-12-30T01:00:55.745592","tokens_in":66,"tokens_out":256}