{"confidence":null,"cost_estimate":0.0009287999999999999,"entropy":null,"error":null,"interpretability_ref":null,"latency_ms":4177.50970000634,"model_id":"mistral_mistral_medium_latest","output":"The bug occurs when an empty list is passed to `calculate_average()`, causing a `ZeroDivisionError` because `len(numbers)` is 0. To fix it, add a check at the start of the function to return `0` (or handle it appropriately, like raising an exception) if the input list is empty, e.g., `if not numbers: return 0`. This prevents division by zero while maintaining expected behavior.","passed":true,"run_hash":"cba751327c6c2ec6","run_index":0,"score":1.0,"scoring_details":{"forbidden_found":[],"missing_required":[],"violations":[]},"scoring_method":"word_restrictions","test_id":"CODE-001","timestamp":"2025-12-30T01:00:36.396608","tokens_in":71,"tokens_out":91}