{"confidence":null,"cost_estimate":0.0003186,"entropy":null,"error":null,"interpretability_ref":null,"latency_ms":1481.468500001938,"model_id":"mistral_mistral_medium_latest","output":"The function doesn't `await` the promises returned by `fetch()` and `response.json()`.","passed":true,"run_hash":"c93995a7aa5dcce3","run_index":0,"score":1.0,"scoring_details":{"forbidden_found":[],"missing_required":[],"violations":[]},"scoring_method":"word_restrictions","test_id":"CODE-002","timestamp":"2025-12-30T01:00:37.931305","tokens_in":58,"tokens_out":20}