{"confidence":null,"cost_estimate":0.0011934,"entropy":null,"error":null,"interpretability_ref":null,"latency_ms":5219.243499988806,"model_id":"mistral_mistral_medium_latest","output":"**Time Complexity:** O(n\u00b2) due to nested loops and `not in duplicates` check (which is O(n) for lists).\n\n**Improvement:** Use a set for O(1) lookups and a single pass:\n```python\ndef find_duplicates(lst):\n    seen = set()\n    duplicates = set()\n    for item in lst:\n        if item in seen:\n            duplicates.add(item)\n        else:\n            seen.add(item)\n    return list(duplicates)\n```\n**New Complexity:** O(n) (linear time).","passed":true,"run_hash":"5342cf887a836d7b","run_index":0,"score":1.0,"scoring_details":{"forbidden_found":[],"missing_required":[],"violations":[]},"scoring_method":"word_restrictions","test_id":"CODE-005","timestamp":"2025-12-30T01:00:52.213997","tokens_in":94,"tokens_out":116}