{"confidence":null,"cost_estimate":0.0012582,"entropy":null,"error":null,"interpretability_ref":null,"latency_ms":3073.4267000079853,"model_id":"mistral_mistral_medium_latest","output":"**Vulnerability**: SQL Injection - The query directly concatenates user input (`userInput`) without sanitization, allowing attackers to manipulate the query (e.g., `' OR '1'='1`).\n\n**Fix**: Use **parameterized queries/prepared statements** (never concatenate input directly):\n```sql\n-- Example with placeholders (syntax varies by DBMS)\nSELECT * FROM users WHERE username = ? AND active = 1;\n```\nBind `userInput` to the parameter programmatically (e.g., via `PreparedStatement` in Java, `execute()` with parameters in Python's `sqlite3`, etc.). This ensures input is treated as data, not executable SQL.","passed":true,"run_hash":"ab28bb4114cac7c1","run_index":0,"score":1.0,"scoring_details":{"forbidden_found":[],"missing_required":[],"violations":[]},"scoring_method":"word_restrictions","test_id":"CODE-003","timestamp":"2025-12-30T01:00:41.032708","tokens_in":43,"tokens_out":141}