{"confidence":null,"cost_estimate":0.00032940000000000004,"entropy":null,"error":null,"interpretability_ref":null,"latency_ms":1234.5670999930007,"model_id":"mistral_mistral_medium_latest","output":"`[x * 2 for x in range(10) if x % 2 == 0]`","passed":true,"run_hash":"9c82b96d3af63761","run_index":0,"score":1.0,"scoring_details":{"groups":null,"match":"[x * 2 for x in range(10) if x % 2 == 0]","matched":true,"pattern":"\\[.*for.*in.*if.*\\]"},"scoring_method":"regex_match","test_id":"CODE-008","timestamp":"2025-12-30T01:00:58.562708","tokens_in":50,"tokens_out":24}