{"confidence":null,"cost_estimate":0.0004104,"entropy":null,"error":null,"interpretability_ref":null,"latency_ms":1538.352000003215,"model_id":"mistral_mistral_medium_latest","output":"The function returns a pointer to a local stack-allocated array (`buffer`), which becomes invalid when the function exits, causing **undefined behavior** (dangling pointer).","passed":true,"run_hash":"35f1a7da86ef4ad1","run_index":0,"score":1.0,"scoring_details":{"forbidden_found":[],"missing_required":[],"violations":[]},"scoring_method":"word_restrictions","test_id":"CODE-007","timestamp":"2025-12-30T01:00:57.303991","tokens_in":44,"tokens_out":36}