{"confidence":null,"cost_estimate":0.0005697,"entropy":null,"error":null,"interpretability_ref":null,"latency_ms":5912.620500006597,"model_id":"mistral_mistral_medium_latest","output":"This regex matches standard email addresses by checking for a local part (letters, numbers, and certain symbols) followed by an `@` symbol, a domain name (letters, numbers, dots, or hyphens), and a top-level domain (2+ letters).","passed":true,"run_hash":"d6c81e098f4a043d","run_index":0,"score":1.0,"scoring_details":{"forbidden_found":[],"missing_required":[],"violations":[]},"scoring_method":"word_restrictions","test_id":"CODE-004","timestamp":"2025-12-30T01:00:46.970210","tokens_in":49,"tokens_out":54}