{"confidence":null,"cost_estimate":0.0006561000000000001,"entropy":null,"error":null,"interpretability_ref":null,"latency_ms":2131.403899998986,"model_id":"mistral_mistral_medium_latest","output":"The counter doesn't increment correctly because the `count` value inside the `useEffect` callback is stale (closed over in the initial render) due to the empty dependency array, so it always uses the initial value of `0`.","passed":false,"run_hash":"835d7c2a5f6449e4","run_index":0,"score":0.5,"scoring_details":{"forbidden_found":[],"missing_required":["closure"],"violations":["Required word missing: 'closure'"]},"scoring_method":"word_restrictions","test_id":"CODE-010","timestamp":"2025-12-30T01:01:02.125359","tokens_in":99,"tokens_out":48}