{"confidence":null,"cost_estimate":0.0023193,"entropy":null,"error":null,"interpretability_ref":null,"latency_ms":3582.2050999995554,"model_id":"mistral_mistral_medium_latest","output":"Let's break down the storage requirements step by step:\n\n### 1. **User Profiles**\n- **Number of users**: 10,000\n- **Profile data per user**: 2 KB\n- **Total profile data**:\n  \\( 10,000 \\times 2 \\text{ KB} = 20,000 \\text{ KB} = 20 \\text{ MB} \\)\n\n### 2. **Profile Photos**\n- **Profile photo per user**: 500 KB\n- **Total profile photos**:\n  \\( 10,000 \\times 500 \\text{ KB} = 5,000,000 \\text{ KB} = 5,000 \\text{ MB} = 5 \\text{ GB} \\)\n\n### 3. **Messages**\n- **Messages per user per month**: 50\n- **Message size**: 1 KB\n- **Total messages per user per year**:\n  \\( 50 \\times 12 = 600 \\text{ messages} \\)\n- **Total message data per user per year**:\n  \\( 600 \\times ","passed":false,"run_hash":"e10586fed2570ff5","run_index":0,"score":0.5,"scoring_details":{"forbidden_found":[],"missing_required":["9","11"],"violations":["Required word missing: '9'","Required word missing: '11'"]},"scoring_method":"word_restrictions","test_id":"REASON-007","timestamp":"2025-12-30T01:03:20.151418","tokens_in":91,"tokens_out":256}