{"confidence":null,"cost_estimate":0.0006642,"entropy":null,"error":null,"interpretability_ref":null,"latency_ms":2228.1169000052614,"model_id":"mistral_mistral_medium_latest","output":"The site redesign likely introduced critical technical SEO issues (e.g., broken internal links, incorrect redirects, or blocked resources) that caused Google to deindex or fail to crawl key pages, despite servers returning 200 OK statuses.","passed":false,"run_hash":"d2cfc322cf4a05db","run_index":0,"score":0.5,"scoring_details":{"forbidden_found":[],"missing_required":["index","robot"],"violations":["Required word missing: 'index'","Required word missing: 'robot'"]},"scoring_method":"word_restrictions","test_id":"REASON-010","timestamp":"2025-12-30T01:03:29.074163","tokens_in":99,"tokens_out":49}