{"confidence":null,"cost_estimate":0.0023085,"entropy":null,"error":null,"interpretability_ref":null,"latency_ms":2836.112899996806,"model_id":"mistral_mistral_medium_latest","output":"Let's break down the tasks and their dependencies to determine the completion day of Task E.\n\n### Task Breakdown:\n1. **Task A (2 days)**: No dependencies\n   - Starts on Monday, finishes on Tuesday.\n\n2. **Task B (3 days)**: Requires Task A\n   - Starts on Wednesday (after Task A finishes on Tuesday), finishes on Friday.\n\n3. **Task C (1 day)**: Requires Task A\n   - Starts on Wednesday (after Task A finishes on Tuesday), finishes on Wednesday.\n\n4. **Task D (2 days)**: Requires Task B and Task C\n   - Task B finishes on Friday, Task C finishes on Wednesday.\n   - Task D can start on Friday (after Task B finishes), finishes on Monday of the next week.\n\n5. **Task E (1 day)**: Requires Task D\n   - Starts on Tuesday (after Task D finishes on Monday), finishes on Tuesday.\n\n### Timeline:\n- **Monday**: Task A starts.\n- **Tuesday**: Task A finishes.\n- **Wednesday**: Task B and Task C start.\n- **Wednesday**: Task C finishes.\n- **Friday**: Task B finishes.\n- **Friday**: Task D starts.\n- **Monday (next week)**:","passed":false,"run_hash":"6f0d302987c5d189","run_index":0,"score":0.5,"scoring_details":{"forbidden_found":[],"missing_required":["9"],"violations":["Required word missing: '9'"]},"scoring_method":"word_restrictions","test_id":"REASON-004","timestamp":"2025-12-30T01:03:11.765919","tokens_in":87,"tokens_out":256}