{"confidence":null,"cost_estimate":0.0023706,"entropy":null,"error":null,"interpretability_ref":null,"latency_ms":3865.2533999993466,"model_id":"mistral_mistral_medium_latest","output":"Alright, let's tackle this scheduling problem step by step. We have three people\u2014Alice, Bob, and Carlos\u2014each with their own availability for the week. Our goal is to find all possible 1-hour time slots where all three are available simultaneously.\n\n### Understanding the Problem\n\nFirst, let's list out each person's availability clearly:\n\n**Alice:**\n- Monday: 9 AM - 12 PM\n- Tuesday: 2 PM - 5 PM\n- Wednesday: 10 AM - 3 PM\n\n**Bob:**\n- Monday: 10 AM - 1 PM\n- Wednesday: 9 AM - 12 PM\n- Thursday: 1 PM - 4 PM\n\n**Carlos:**\n- Monday: 11 AM - 2 PM\n- Wednesday: 10 AM - 1 PM\n- Friday: 9 AM - 12 PM\n\nWe're looking for overlapping 1-hour slots where all three are available on the same day and at the same time.\n\n### Approach to Find Overlapping Slots\n\nTo find common available times, we'll:\n\n1. Look at each day where at least one person is available.\n2. For that day, find the overlapping time intervals among the three","passed":false,"run_hash":"dbdae5b595315254","run_index":0,"score":0.5,"scoring_details":{"forbidden_found":[],"missing_required":["Mon","Wed"],"violations":["Required word missing: 'Mon'","Required word missing: 'Wed'"]},"scoring_method":"word_restrictions","test_id":"REASON-003","timestamp":"2025-12-30T01:03:08.912296","tokens_in":110,"tokens_out":256}