{"confidence":null,"cost_estimate":0.0024435,"entropy":null,"error":null,"interpretability_ref":null,"latency_ms":3950.4902999906335,"model_id":"mistral_mistral_medium_latest","output":"Here\u2019s the prioritized ranking based on **severity (impact)** and **effort**, using a **risk-adjusted approach** (high impact + reasonable effort first):\n\n1. **Bug D: Payment fails for international cards** (High impact, 3 days)\n   - **Why?** Payment failures directly block revenue and harm user trust, especially for international customers (a critical segment). While it takes 3 days, the ROI justifies the effort. Fixing this prevents churn and legal/compliance risks.\n\n2. **Bug A: Crashes app for 5% of users on login** (High impact, 2 days)\n   - High severity (users can\u2019t access the app at all), but slightly lower priority than Bug D because:\n     - 5% is significant but may not be as universally critical as payment failures.\n     - Shorter fix time (2 days vs. 3) makes it easier to slot into a sprint after Bug D.\n\n3. **Bug C: Slow loading on reports page (10+ seconds)** (Medium impact, 1 week)\n   - Medium severity (frustrating but not blocking), but the **high effort** (1 week) drops its priority. Address after critical high-impact bugs","passed":false,"run_hash":"b060fcb70036d361","run_index":0,"score":0.8,"scoring_details":{"forbidden_found":[],"missing_required":["4"],"violations":["Required word missing: '4'"]},"scoring_method":"word_restrictions","test_id":"REASON-009","timestamp":"2025-12-30T01:03:26.820995","tokens_in":137,"tokens_out":256}