{"confidence":null,"cost_estimate":0.0022679999999999996,"entropy":null,"error":null,"interpretability_ref":null,"latency_ms":2863.2979999965755,"model_id":"mistral_mistral_medium_latest","output":"To calculate the cost for 25 users on a 3-year commitment with the given pricing structure, let's break it down step by step.\n\n### **1. Base Cost for 10 Users (Annual)**\n- The license covers up to 10 users at **$1,200/year**.\n\n### **2. Additional Users (Annual)**\n- You have **25 users**, so the number of additional users is:\n  **25 - 10 = 15 users**\n- Each additional user costs **$100/year**, so:\n  **15 users \u00d7 $100 = $1,500/year**\n\n### **3. Total Annual Cost (Before Discount)**\n- **Base cost (10 users) + Additional users (15 users) = $1,200 + $1,500 = $2,700/year**\n\n### **4. 3-Year Commitment Discount (15%)**\n- The **15% discount** applies to the **total 3-year cost**.\n- **Total 3-year cost (before discount) = $2,700 \u00d7 3 = $8,10","passed":false,"run_hash":"df1e37affebf570b","run_index":0,"score":0.0,"scoring_details":{"forbidden_found":[],"missing_required":["7650","8415","8500"],"violations":["Required word missing: '7650'","Required word missing: '8415'","Required word missing: '8500'"]},"scoring_method":"word_restrictions","test_id":"REASON-002","timestamp":"2025-12-30T01:03:05.015166","tokens_in":72,"tokens_out":256}