{"confidence":null,"cost_estimate":0.0012527999999999999,"entropy":null,"error":null,"interpretability_ref":null,"latency_ms":2310.6973999965703,"model_id":"mistral_mistral_medium_latest","output":"For **Project X**, let's evaluate each rule based on the given details:\n\n1. **Budget**: $85K (\u2264 $100K) \u2192 **No VP approval** needed.\n2. **Customer data**: Uses customer purchase history \u2192 **Security review** required.\n3. **External vendor**: Integrates with Stripe \u2192 **Legal review** required.\n4. **Both Security AND Legal required** \u2192 **Compliance sign-off** also needed.\n\n### **Required Approvals for Project X**:\n- **Security review**\n- **Legal review**\n- **Compliance sign-off**","passed":true,"run_hash":"be2bf718ed59dc2d","run_index":0,"score":1.0,"scoring_details":{"forbidden_found":[],"missing_required":[],"violations":[]},"scoring_method":"word_restrictions","test_id":"REASON-001","timestamp":"2025-12-30T01:03:02.134392","tokens_in":98,"tokens_out":122}