{"confidence":null,"cost_estimate":0.002349,"entropy":null,"error":null,"interpretability_ref":null,"latency_ms":3147.874400005094,"model_id":"mistral_mistral_medium_latest","output":"To maximize conversions within the $50,000 budget, we need to calculate the **cost per conversion (CPC)** for each channel and allocate the budget to the most efficient channels first.\n\n### Step 1: Calculate Cost per Conversion (CPC)\nThe CPC is calculated as:\n\\[\n\\text{CPC} = \\frac{\\text{Cost per Lead}}{\\text{Conversion Rate}}\n\\]\n\n- **Email**:\n  \\[\n  \\text{CPC} = \\frac{\\$5}{0.30} = \\$16.67 \\text{ per conversion}\n  \\]\n- **Social**:\n  \\[\n  \\text{CPC} = \\frac{\\$8}{0.25} = \\$32.00 \\text{ per conversion}\n  \\]\n- **PPC**:\n  \\[\n  \\text{CPC} = \\frac{\\$12}{0.40} = \\$30.00 \\text{ per conversion}\n  \\]\n\n### Step 2: Rank Channels by Efficiency\nThe **Email** channel has the lowest CPC (\\$16.67), followed by **PPC** (\\$30.00), and then **Social** (\\$3","passed":true,"run_hash":"9bac131f9ae55aa9","run_index":0,"score":1.0,"scoring_details":{"forbidden_found":[],"missing_required":[],"violations":[]},"scoring_method":"word_restrictions","test_id":"REASON-005","timestamp":"2025-12-30T01:03:14.940243","tokens_in":102,"tokens_out":256}